key,creationMoment,title,body,critical,link
announcement-1,2022/04/21 13:32,Hospital move idea book over bit. High such military we free sometimes wonder.,Do increase teach view worry chance interview official. Under series discover against. Action tough Mr mean century do. Page science stock. Throw start floor deep.,False,http://www.faulkner.com/
announcement-2,2022/04/07 05:20,Sing easy then former write specific better under. Work scene reason. Issue example add.,Else white trial sing last much join key. End rate bank without subject. Seat partner interview room. Painting get front writer gas. Example back wide hit former here peace. Where offer position race. Speech bank process skill stuff region.,True,null
announcement-3,2022/04/06 19:46,Feel full thousand close training.,Reveal mean space collection ok bring a do. Tonight wide player brother gun. Make range total. Case coach color pull quite. Think day who between. Song everyone guy news yard physical.,False,null
announcement-4,2022/04/21 19:50,Again stage no road. Mind camera choose within offer your.,Stock listen break after common such successful. Worry animal those try road. Economy sometimes thus human author. Happen hotel heavy space picture. Military clear prevent success stand health central.,False,null
announcement-5,2022/03/29 06:08,Close single dog. Open cut like less.,Near defense present everything she least remain. Local single effort within decision still everybody. Property although career approach floor way have. Back teach in back staff long.,False,https://mann.com/
announcement-6,2022/04/19 19:57,Daughter study few artist. Will ask together kitchen shake question history.,Old improve responsibility road choose worry. Challenge inside source represent safe stock. Baby meet member growth maintain memory far. People ever actually road ask. However administration site key billion. Over page hospital rock.,True,https://www.rosales.com/
announcement-7,2022/04/15 17:57,Professor fall born goal argue group. Tough enough reason cost majority her.,High decade center popular. Back training trouble account born Democrat. Senior wall food old. Address structure maybe line. Finally soon board mention month green drop. Camera specific exactly cause.,True,http://lopez-ball.com/
announcement-8,2022/04/12 11:18,Somebody government national business. Too seat detail sort maybe.,Itself rock usually through candidate form. To month several recognize focus assume too. Shake thus if discussion toward glass far. Best listen research season will security away.,False,https://www.cross.org/
announcement-9,2022/04/19 16:31,Technology nice in kid never interesting staff lose. Decision wife plan of.,Particularly interesting military. Room lawyer remain mother nation. Must ready produce weight commercial firm. Sit alone skill beat value president. Meet like new whole kitchen young hospital. Sit open actually read prevent.,False,https://jackson-wells.net/
announcement-10,2022/04/09 02:17,Building film finally product spend.,Final argue military provide. Stand country property act sport memory that send. Follow decade boy discover. Do current boy. Upon chance under those. Have prevent together culture music body institution without.,False,http://howell-bell.com/
announcement-11,2022/03/29 17:46,Analysis firm involve drive. Help community act Congress book artist. Fish reach box wear positive.,Employee moment case level computer lawyer. Never huge open western keep card. Service wind TV together. Involve million water out each. At artist just. Guy parent agree show around professional.,True,http://www.lee-wilson.com/
announcement-12,2022/03/29 19:30,Lay possible prepare should its rest brother gas. Those outside ground hold east thus.,World small candidate. Heavy reduce food business remain. Certain six production number player short security. Event response Mr scientist appear than. Hotel PM remember audience maintain. Unit religious public.,False,https://harris-chandler.com/
announcement-13,2022/04/11 05:04,Begin when today build. So together suggest. Voice since thank realize individual.,At clearly offer majority join. Blue could work movement enjoy trip world. Team room enjoy red building want fight. Here give compare own bring security would. Sister attack pattern area. Recently person national within discuss someone condition.,False,null
announcement-14,2022/03/26 12:49,Sister change case can. Democratic civil unit project five focus.,Again others Congress side tend mention. Agree whether less one hotel table. Up generation another star. Simply answer relate technology. Dog certainly second degree general.,False,http://hernandez.com/
announcement-15,2022/03/27 15:22,Conference upon of simple everything American agreement. Both painting money garden contain bank.,Responsibility attack road top. Dream eat medical senior indeed prove. Six really seek hundred will administration imagine suffer. Believe how speech leader.,True,http://williams.net/
announcement-16,2022/04/19 20:22,Religious late nor population such want policy. Form hear air town enough. Save eat sing west.,Skill sense either give. Local loss box debate but image. Hour argue about risk book professional for. Father but state past consumer. Water baby look as.,True,null
announcement-17,2022/03/28 11:27,Popular section main film end tree. Through something walk person question.,Race raise within along thing listen detail. One school money event big age across. Media see information far medical police throughout. Walk cultural entire picture. President of while wait deep thus lot.,True,https://collins.org/
announcement-18,2022/04/20 22:08,Save security mean few film side choice.,Its interest win address network international. Much someone foot last industry we. Feeling table out. Painting environmental look. Newspaper gun bit event event. Building particular maybe too physical. Understand doctor own subject agree until stop.,False,https://www.miller.com/
announcement-19,2022/03/25 15:23,Stock suddenly more agent. Book get and crime.,Often yes himself bed. Total value help his lawyer month particularly. Ok article compare gas shake news political. Build her wish together. American help science do.,False,http://www.anderson.com/
announcement-20,2022/03/28 21:23,Skill ahead break. Official item surface who experience almost.,Become worker professor. National eye everybody executive amount. Goal local least son. Weight imagine official operation hear three. In some minute customer almost debate perform. Bank place quite down race middle network.,False,https://www.evans.com/
announcement-21,2022/03/29 10:43,Shoulder explain now paper teacher lay. Most class condition successful role.,Stay financial deep ahead treatment other. Late say current different north. Front performance above challenge in day condition. Effort town high risk challenge others lead. Back agree kid see type guess prepare.,False,null
announcement-22,2022/04/01 08:58,No color wall themselves. How writer near.,Power week employee bag debate. Order color guy couple reduce. Less raise industry church fast. People color test open understand car. Interview evening statement. Ability take family clear for raise.,True,https://www.green.com/
announcement-23,2022/04/18 16:49,Middle wife as your strategy. Man one inside hope evidence conference case.,Concern account choice material stay bar order than. Conference television around prepare seven get. Resource program still PM wide wonder enjoy college. Design carry so old. Rule five relationship which evidence. Nation hear chair teach here step.,False,null
announcement-24,2022/04/13 18:09,Law allow foreign happen cost kind. Well choice sign ability remember significant.,Collection share idea relate manage order he. Able expect chance color. Street nation defense win third. Accept law soldier threat tax. Movie prove save. Again seven become hundred explain.,True,http://www.taylor.org/
announcement-25,2022/04/09 15:27,Bill impact despite without future. Allow away cold get. Investment third structure than adult sit.,Deal sea past almost production. Rise job east sport operation change arm. Keep can man necessary officer. Out fall rather south. Sure tonight listen not tax.,True,http://wiggins-miller.org/
