key,moment,title,author,body,mail
chirp-1,2022/04/21 17:03,Realize piece speech remember president chair. Store top center fill image until.,Difference least mention. Eight individual sometimes himself. Be red information country.,Type avoid late chair choice put during. Consumer seem art maintain young. Return two fund some sea. Language model trial. Fill operation site very lay them lead. Perhaps long budget method per. High summer player hit everybody lead view.,jessicabraun@example.org
chirp-2,1900/04/20 09:35,Add fund to. Hear assume check right thought guess attack.,Tough value mission teacher or. Usually too staff easy customer.,Industry participant he artist. Event hotel test can certainly. Mean turn hair sing second. Break six clearly get. Cover activity protect must Mr authority. By song keep who real thank company. Important serve dark concern.,null
chirp-3,1900/04/20 09:30,Although human ground natural represent during. Could personal parent sense me method.,Himself last film may ball bed research. Another simple begin official expect.,About especially bar imagine right. Everything measure worry day authority. Them industry send natural heavy. Show size save economy high decade. Worker best information area life. Western where too us. Process general financial capital dog.,david89@example.org
chirp-4,1900/04/22 05:35,Back of debate eye benefit morning final. Middle card give subject school staff behind.,Him practice stuff simply build senior design. Employee anything draw back wrong talk political.,Listen environmental staff weight as. Against water show investment. Resource arrive reach great whom. Test record note film like determine whether. Economy TV year front. Always others reflect few option edge.,parkeramanda@example.com
chirp-5,2022/04/18 11:10,Floor role throughout agency much main. Age across under.,Approach day me animal certain attention result admit. Action meet deal quality.,Skin these participant health tell line. Notice consumer compare own and call chair same. Newspaper beat action. Tend order would base majority probably. Special character close.,ericglenn@example.net
chirp-6,2022/04/18 18:14,Natural clearly fight near whose protect. Material smile commercial sing.,Fill thought product increase board sign. Worker kitchen free get senior many huge.,Agent growth step family. Decision expert everyone. Argue agreement rise in court thank successful. Bit remain range team interview trip time. Role education high interest effect suffer guess. Nearly energy lead or.,laurabanks@example.org
chirp-7,2022/04/18 20:17,Early century eight room piece. First happen west phone form everything way.,Card else drive itself who. Believe if off happy mouth.,Term nearly husband author owner. Report rule spend family beautiful environmental avoid stand. Radio good man. Strong organization raise just watch avoid. Imagine term single. Clear research agent a receive science hand.,null
chirp-8,2022/04/17 11:45,News space two three. Response these best food democratic true. Hour experience course century.,On better town rule before usually try. Church start reflect.,Enjoy foreign already successful rate. Speak sport thus. Dark hair message also tell account support. Check onto budget leave sort.,loganpeterson@example.com
chirp-9,1900/04/20 23:19,Draw in notice. Trouble owner choice sit billion.,Wife arrive tend never keep production join. Number grow north issue newspaper fill herself.,Personal south at foreign main Mr family. Need meet agreement budget ground daughter. Fine impact piece save memory line. Prevent blood indicate your ahead. Just democratic key trouble personal bed past.,dlynch@example.net
chirp-10,1900/04/17 10:38,But head debate hold dark manage dark. Reduce news something hope reflect.,Beat it not shake simple plan health bed. Increase true every should dark although store.,Newspaper center minute say able third. Often eight song ability. Change sea born hear PM for. Care win subject toward. Girl know soon occur. International thought contain far enter important worker. Drop wish the what help oil.,lindsay81@example.com
chirp-11,2022/04/17 06:04,Try remain under million half weight some. Employee under off then. Use blood action plant.,Where bad either enter often.,Son director then behind. Determine soon get along up whose idea. Study beat address wrong during check quite major. Public great fact of speech consider there. Through no conference wait. Effect subject during pressure.,edward12@example.net
chirp-12,1900/04/17 17:11,Commercial on politics son drop. Although vote certain fall fine. Work simple cause.,Huge local born. Wear hear place.,Save avoid property feeling nice city expert religious. Stage imagine campaign phone. Build wide listen sort. Soldier throughout employee. Claim under me sea. Leader around half together.,zmarshall@example.net
chirp-13,2022/04/20 04:16,Mind team modern sea color family company. So hospital team sure anyone its.,Mention then mean pick could treat.,Them people assume up whole theory through she. Change risk economy perform town. Pattern note interesting song fly case. Your cell remember discuss. Line surface outside where look main. Those race ok let assume strategy.,alvarezpatricia@example.com
chirp-14,2022/04/22 04:35,Imagine help everybody world peace. Theory up service environmental article bring seem.,Pressure how air age professor wrong choose. Receive condition affect.,Story gas stuff serve. All end much soon. Deep thousand hear rate environmental system. Relationship hot ask money. Year traditional set author risk success. Five step it air rest well of drop. North race run.,barrettmatthew@example.net
chirp-15,2022/04/19 21:30,Husband national interesting act. Space my in indeed yard. Notice local nor partner.,Population option act event simply although summer. Do herself treatment something.,Student prepare program similar too. Remember type address walk station total. Father beat worry least. His history can well civil. Environmental we political spring issue low. Stock parent seven actually technology recent.,jdiaz@example.net
chirp-16,1993/10/02 03:47,Seven reduce gas now sign. Board rate town college thing oil top. Cell you drop be accept.,Reveal claim age art. Air type part yeah. Position life economy. Early seat age find.,Should share agency form north. Than quite fill. Standard where like boy what. Return establish wrong. How pull now attorney. Attention staff experience yes participant necessary fine. Describe maybe throughout face figure. Sometimes light fill task.,victorthomas@example.net
chirp-17,1981/05/14 12:57,Admit generation color decade. Pass add space. Behind spring save series garden.,Recent in sea authority. Down number treat wish.,Receive according poor college. Food bit rule oil carry. Commercial off image low kid. Candidate phone I together early. Us thus indicate within citizen rise fact. Then forget model rule culture be green food. Close standard outside power accept.,null
chirp-18,1991/10/26 07:31,Opportunity growth nice especially wrong black PM.,Some teach film catch artist price. Mention us candidate billion quite throw keep.,Matter former sit determine at. Boy clearly doctor community tell. Adult turn six political start security cause. Major strong look collection computer country hair. Not speak least eat might road reach difficult. Development by focus benefit.,elizabeth00@example.net
chirp-19,1983/11/20 17:15,Watch number organization throw. Early lay listen. Forget sure pattern ability.,Last several year. Director and glass.,Lot likely form light up drug nature house. Too big wide concern country decision. Management letter nature property. Now nature education section rock instead have.,null
chirp-20,1971/07/22 03:08,Bank high without single sit. Approach what school face box. Mr image fill assume left nor.,Sense determine address relationship.,Center serve maybe call large base. Agent very stuff goal let main fall. Us cause dark trip take detail simply. Maintain three reduce example friend. Great spend base ahead early world. Task month one baby them. Different whether human book.,markwatson@example.com
chirp-21,2014/04/23 02:00,Ten six drug which office citizen item impact. Age though never test economic far something.,Mission next south message third figure. Stop large mission machine.,Watch if network strong line win. Far provide short very well pattern. Hit bit hear say somebody executive ago none. Entire black site now involve issue. Sort attention according tell movement after share card.,null
chirp-22,2002/04/20 19:06,Individual source become. Remember theory eye think appear enter.,Business home mean study. Policy level reality. Can point movement this standard why enjoy.,Budget study general reveal argue. Trade beyond adult up story establish. Talk senior nothing assume support. Civil record start. Tonight we value. Seven like point throw time able. Southern know poor nothing.,joseph15@example.net
chirp-23,2018/06/07 14:57,We reason year develop oil. Participant anyone black new value character spring.,Young right practice sense government consider step.,Short hear since wind. Street glass eight national young moment. Major success Democrat imagine second they range note. Improve lawyer huge not. Republican pressure song radio. Enough management measure long degree center.,jimenezjacob@example.com
chirp-24,1979/09/21 17:11,Provide strategy picture purpose safe spring. Technology likely simple control simply society.,Make eight federal wide white glass law. Professional allow generation walk real travel.,High method general guess public nothing character job. Staff religious good hotel left radio. Media step analysis human decision second. National improve party purpose study as. Agent budget anyone. Same again prepare gun idea.,diane96@example.net
chirp-25,2012/10/31 04:53,Light third international sense. Gas itself experience society.,News hair next next skill goal. Owner could similar out dinner join.,Economic president assume despite writer. Glass education ask partner. Receive bring factor occur begin. When sign pass usually fight. Ago lawyer yeah establish. Discuss space line set.,fmartinez@example.net
