key,key:user-account,company,sector
consumer-1,user-account-administrator-1,Stone Ltd,aggregate user-centric markets
consumer-2,user-account-consumer-1,"Mckee, Ferrell and Bautista",cultivate value-added content
consumer-3,user-account-consumer-2,"Wiggins, Stanley and Stanley",embrace leading-edge content
consumer-4,user-account-consumer-3,Johnson Group,scale magnetic platforms
consumer-5,user-account-consumer-4,"Ford, Torres and Bates",innovate turn-key models
consumer-6,user-account-consumer-5,Taylor-Kelley,leverage rich technologies
consumer-7,user-account-consumer-6,Hamilton Group,benchmark 24/365 synergies
consumer-8,user-account-consumer-7,Johnson-Garcia,re-contextualize mission-critical info-mediaries
consumer-9,user-account-consumer-8,Russell-Dominguez,integrate cross-platform mindshare
consumer-10,user-account-consumer-9,"Jones, White and Long",integrate 24/7 vortals
consumer-11,user-account-consumer-10,Schneider-Pitts,re-contextualize impactful e-markets
