key,key:user-account,company,statement,link
inventor-1,user-account-administrator-1,Thomas Ltd,Job follow company population young main. Seek particularly star religious. Movement work special style would. Themselves approach from on offer. Simply husband could off keep which. Reason water especially left music.,https://griffin.com/
inventor-2,user-account-inventor-1,"Hernandez, Mooney and Vega",Green think region the citizen others newspaper. Finally bag lawyer class ago admit report. Food spend point something back. May executive debate however animal line. Body eat development training.,https://www.cannon.com/
inventor-3,user-account-inventor-2,Moore Group,Turn game official billion glass. Prevent beyond prove six over subject purpose. Tell politics this central high need. After officer appear put. Involve either parent write population power affect.,http://www.jones.com/
inventor-4,user-account-inventor-3,Booth Group,Thousand quality baby course. Never region choose nor theory. Into always four relate. Concern fund whole cause single. From brother amount score there. Artist science walk leader season eye base claim.,https://www.davis.com/
inventor-5,user-account-inventor-4,Conway PLC,Focus sing section country hour oil reflect. Prevent region toward front. Understand low say floor art college. Factor onto size big choose technology summer. Center south under light growth personal else measure. Fear bar community argue head loss.,https://www.brown-hancock.com/
inventor-6,user-account-inventor-5,Carter-Smith,Heart whether must drug. Fire nation piece institution happy thousand seem evidence. House cold read ask building certain. Commercial fill pattern executive direction dark teach. Time sound glass affect company. Close else in hair.,http://www.white.info/
inventor-7,user-account-inventor-6,Lowery Ltd,Indicate money money. Tough effect possible. Important wide use me strong music wide identify. Rock challenge itself event scene dog. Reason newspaper bank information cover opportunity office. Treatment treat what until evidence sport four senior.,https://brown.net/
inventor-8,user-account-inventor-7,Brown-Knight,Sea whether by certain success face home. Interest home treat son. Agree with control red. Stuff culture night authority move than young. Note seem hit you class end to. Tell hotel relationship red across.,http://www.watson.net/
inventor-9,user-account-inventor-8,"Shepard, Goodwin and Hunter",Ten piece walk blue. Lot pay idea usually. American red cause describe trouble. Theory visit lawyer institution above more. Two quickly far. Specific first take north. Style mouth pick arm by.,https://www.williams.com/
inventor-10,user-account-inventor-9,"Ford, Erickson and Carlson",My feeling market very recently yourself short. Peace society poor road before. Factor attack consider these age style. Role this know. System bill marriage bit too party instead parent.,http://www.decker-parker.com/
inventor-11,user-account-inventor-10,Rowland-Burke,During child race say new become old. Ready start Republican Democrat. Person law reduce summer special each husband special. Guess home red city local.,https://www.adams.com/
