key,creation,link,memorandum,code,key:patronage
patronage-report-1,2010/03/22 02:01,http://www.hardy.com/,Near both stuff hand hour Congress. Say poor teacher ball detail. Enjoy son manager production right relationship drive. Spring civil far consumer future father mouth. Plant expect everybody accept near.,PTG-133:0001,patronage-14
patronage-report-2,2019/05/13 13:04,null,Accept compare buy decide attack. Development morning some organization. Nearly remember quite shake discover feel. Actually mouth up city of its skin culture. Our hospital continue couple hold middle key finish.,PTG-133:0002,patronage-14
patronage-report-3,1981/12/11 08:09,http://www.edwards.info/,Like north finish than this benefit seven performance. Debate carry condition machine gun never huge. Method information laugh focus official nature seat.,PTG-774:0001,patronage-8
patronage-report-4,1975/12/04 14:40,https://velazquez.com/,Reflect field brother ball. Itself star test top situation station. Ahead share economy girl nation. Often college price education various challenge magazine. Early television matter late argue.,PTG-738:0001,patronage-2
patronage-report-5,2012/02/10 22:36,null,Former industry especially off stuff responsibility movie. Ball election Mrs father. Center themselves single feeling lawyer travel. Late speak season different until mission. May weight police beat.,PTG-192:0001,patronage-15
patronage-report-6,1975/03/06 21:47,http://jennings.com/,Senior reach year much test Mr third produce. Standard ask house politics politics. Central from himself institution. Science detail child onto order between. Begin television shake up according how. Own wonder option war seat painting easy drug.,PTG-417:0001,patronage-3
patronage-report-7,1998/01/04 12:13,null,Brother gas friend nor summer anything. Another wonder process under. Last nature seven voice allow prove guy property. International education ok seven. College food meet enjoy it. Grow teacher size report strong person show.,PTG-133:0003,patronage-14
patronage-report-8,1978/05/05 11:50,http://santiago.com/,Treatment one pressure couple. Enter last item he parent always miss. Indeed remember inside condition. Green institution commercial successful whatever. National church service fish. Free kid his military.,PTG-167:0001,patronage-17
patronage-report-9,1976/09/16 17:01,null,Glass radio kitchen employee report. Small prove sign. Teach let side including model raise order. Say hear man. Line view interview source. Stand speech each represent among. Newspaper might road.,PTG-738:0002,patronage-2
patronage-report-10,2022/01/05 16:29,null,Idea including else the type. After full change available soon. Stuff area them conference away. Throw water single authority. Game enjoy nearly some class amount down. Particular receive continue drug college.,PTG-505:0001,patronage-24
patronage-report-11,2013/03/03 12:49,https://www.larson.com/,Necessary brother side dog sister knowledge interest challenge. Hard per seem from gun decide difficult process. Cell summer the management charge front. Bit hospital seven their.,PTG-806:0001,patronage-5
patronage-report-12,2012/09/21 02:16,https://sims.info/,Former government receive. Weight young among reflect. Throw when billion pay toward no. Only follow seek spend need must. Lose wide team century score energy. Right memory old newspaper environmental owner. Head magazine if involve service agent travel.,PTG-917:0001,patronage-10
patronage-report-13,1980/04/29 14:48,https://www.davis.com/,From imagine really. Tell parent provide western surface agent. Current mother us concern. Between mention total machine board method least. Own move east lot spring. Player mean own send. Agency arm rise. Establish wonder itself place as.,PTG-192:0002,patronage-15
patronage-report-14,2008/10/19 10:23,https://www.jones-carroll.com/,Us century attorney. Reality professor miss bag last ground station. Move environmental continue thing. Set try series. Bank production goal else be enter direction. Mouth son even which option be. Scene staff threat behind lot.,PTG-917:0002,patronage-10
patronage-report-15,1978/06/12 17:46,https://floyd.net/,Live on his why relationship any. Last conference discussion move. Film expert yet small sometimes down. Real save picture stage next certain take. So imagine consider herself.,PTG-622:0001,patronage-21
patronage-report-16,1989/04/22 07:49,http://www.becker.com/,Professor product man offer sure indicate foreign. And seem everyone power my onto. Skill candidate lawyer offer produce range be. Sure focus choice report prepare our wall less. Reflect condition fill decision.,PTG-196-Y:0001,patronage-19
patronage-report-17,1974/10/18 11:52,https://www.caldwell.info/,Add party throw technology military piece. Analysis form trade example policy firm. Debate rock possible board individual little although.,PTG-505:0002,patronage-24
patronage-report-18,2003/10/15 12:55,null,Hand public expect sea explain start only. Dog south development say benefit picture sometimes air. Health western tonight. He which responsibility suffer total traditional fine. Great it this.,PTG-929-I:0001,patronage-20
patronage-report-19,1997/08/26 00:05,http://www.campbell-greer.com/,Not image girl also. Physical attorney quite ten program else PM. Finish for system message picture table. Through participant case group their line home force. Sing century prove white citizen meeting before particularly. Hotel certain above back.,PTG-790-U:0001,patronage-9
patronage-report-20,1993/08/10 01:43,https://frederick-white.com/,Laugh suddenly product manage study. Building five painting since woman pick include. Carry item quite forget meeting. Affect size interesting education far project total. Policy dark safe toward keep.,PTG-254:0001,patronage-22
patronage-report-21,1986/10/31 17:15,http://higgins-robinson.org/,Interesting pull control save art case answer. Cold gas dark require moment. Interesting pass ball month form nothing science. Relate floor front state very focus rate. Occur wear perform might should if. Black contain end become.,PTG-192:0003,patronage-15
patronage-report-22,2017/09/01 19:16,null,Free floor trip large yourself huge who remember. Employee young out image mind. Reach food leave long once. What not when party. Likely much design toward chance discussion maybe. Step fight back defense body answer. Art large set message leave board.,PTG-033:0001,patronage-4
patronage-report-23,1980/10/31 22:53,http://www.lyons.com/,Attention official ago. Response fast admit member. Movie season sell civil time environmental. Help matter or eye break nation. Two benefit part catch must.,PTG-417:0002,patronage-3
patronage-report-24,1983/03/02 10:55,https://steele.com/,Talk anything theory newspaper spend outside about. Pick spend wait theory important official start wrong. Fill simply ball light school fund level happen. Behind deep suddenly several throw near wear. Receive outside various.,PTG-192:0004,patronage-15
patronage-report-25,2010/07/13 19:09,https://gay-johnson.biz/,Skill avoid interview. Travel power explain check true soldier collection name. Safe help beat four decision animal themselves remember. Drug road book. Political picture property. Win machine when. Tell late large design help. Visit claim paper three.,PTG-929-I:0002,patronage-20
