timestamp,simple-path,time
"2022-04-24 10:50:23.851","/master/welcome",3040
"2022-04-24 10:50:24.142","/master/welcome",251
"2022-04-24 10:50:25.352","/master/sign-in",1089
"2022-04-24 10:50:26.593","/master/welcome",558
"2022-04-24 10:50:27.35","/any/announcement/list",559
"2022-04-24 10:50:29.108","/any/announcement/show",557
"2022-04-24 10:50:29.616","/master/welcome",193
"2022-04-24 10:50:30.279","/master/welcome",556
"2022-04-24 10:50:32.566","/master/welcome",202
"2022-04-24 10:50:32.793","/master/welcome",208
"2022-04-24 10:50:33.462","/master/sign-in",560
"2022-04-24 10:50:34.663","/master/welcome",556
"2022-04-24 10:50:35.422","/any/announcement/list",554
"2022-04-24 10:50:36.684","/any/announcement/show",558
"2022-04-24 10:50:37.177","/master/welcome",175
"2022-04-24 10:50:37.844","/master/welcome",558
"2022-04-24 10:50:40.126","/master/welcome",204
"2022-04-24 10:50:40.358","/master/welcome",204
"2022-04-24 10:50:41.024","/master/sign-in",555
"2022-04-24 10:50:42.242","/master/welcome",556
"2022-04-24 10:50:42.994","/any/announcement/list",556
"2022-04-24 10:50:44.261","/any/announcement/show",559
"2022-04-24 10:50:44.757","/master/welcome",170
"2022-04-24 10:50:45.419","/master/welcome",556
"2022-04-24 10:50:47.687","/master/welcome",190
"2022-04-24 10:50:47.9","/master/welcome",188
"2022-04-24 10:50:48.563","/master/sign-in",556
"2022-04-24 10:50:49.769","/master/welcome",560
"2022-04-24 10:50:50.523","/any/announcement/list",565
"2022-04-24 10:50:51.79","/any/announcement/show",558
"2022-04-24 10:50:52.284","/master/welcome",171
"2022-04-24 10:50:52.947","/master/welcome",557
"2022-04-24 10:50:55.199","/master/welcome",168
"2022-04-24 10:50:55.409","/master/welcome",192
"2022-04-24 10:50:56.079","/master/sign-in",557
"2022-04-24 10:50:57.308","/master/welcome",558
"2022-04-24 10:50:58.067","/any/announcement/list",558
"2022-04-24 10:50:59.329","/any/announcement/show",557
"2022-04-24 10:50:59.858","/master/welcome",201
"2022-04-24 10:51:00.517","/master/welcome",555
"2022-04-24 10:51:02.765","/master/welcome",176
"2022-04-24 10:51:02.989","/master/welcome",180
"2022-04-24 10:51:03.651","/master/sign-in",556
"2022-04-24 10:51:04.853","/master/welcome",557
"2022-04-24 10:51:05.609","/any/announcement/list",556
"2022-04-24 10:51:06.906","/any/announcement/show",556
"2022-04-24 10:51:07.401","/master/welcome",169
"2022-04-24 10:51:08.061","/master/welcome",554
