timestamp,simple-path,time
"2022-04-22 09:39:06.845","/master/welcome",9933
"2022-04-22 09:39:07.69","/master/welcome",688
"2022-04-22 09:39:08.296","/master/welcome",555
"2022-04-22 09:39:12.801","/master/sign-in",4280
"2022-04-22 09:39:14.731","/master/welcome",598
"2022-04-22 09:39:17.753","/any/announcement/list",2680
"2022-04-22 09:39:22.364","/any/announcement/show",2837
"2022-04-22 09:39:23.315","/master/welcome",633
"2022-04-22 09:39:24.068","/master/welcome",571
"2022-04-22 09:39:26.69","/master/welcome",511
"2022-04-22 09:39:27.298","/master/welcome",563
"2022-04-22 09:39:27.942","/master/welcome",566
"2022-04-22 09:39:29.295","/master/sign-in",595
"2022-04-22 09:39:30.876","/master/welcome",565
"2022-04-22 09:39:32.29","/any/announcement/list",1114
"2022-04-22 09:39:35.292","/any/announcement/show",1115
"2022-04-22 09:39:36.163","/master/welcome",545
"2022-04-22 09:39:36.949","/master/welcome",574
"2022-04-22 09:39:39.547","/master/welcome",487
"2022-04-22 09:39:40.095","/master/welcome",519
"2022-04-22 09:39:41.461","/master/sign-in",632
"2022-04-22 09:39:42.816","/master/welcome",582
"2022-04-22 09:39:44.354","/any/announcement/list",1115
"2022-04-22 09:39:47.477","/any/announcement/show",599
"2022-04-22 09:39:48.311","/master/welcome",500
"2022-04-22 09:39:49.651","/master/welcome",566
"2022-04-22 09:39:52.297","/master/welcome",563
"2022-04-22 09:39:52.797","/master/welcome",467
"2022-04-22 09:39:54.192","/master/sign-in",1146
"2022-04-22 09:39:55.708","/master/welcome",583
"2022-04-22 09:39:57.112","/any/announcement/list",1111
"2022-04-22 09:40:00.178","/any/announcement/show",623
"2022-04-22 09:40:01.144","/master/welcome",567
"2022-04-22 09:40:01.929","/master/welcome",594
